,result,table,_start,_stop,_time,_measurement,label,mobile,alpha,beta,gamma,x,y,z
0,_result,1,2021-01-01 00:00:00+00:00,2021-10-04 16:16:00.738177+00:00,2021-04-26 17:04:05.318000+00:00,devicemotion,sitting,UnknownPhone,0.0,0.0,0.0,0.0,0.0,9.9
1,_result,1,2021-01-01 00:00:00+00:00,2021-10-04 16:16:00.738177+00:00,2021-04-26 17:04:05.330000+00:00,devicemotion,sitting,UnknownPhone,0.0,0.0,0.0,0.0,0.0,9.9
2,_result,1,2021-01-01 00:00:00+00:00,2021-10-04 16:16:00.738177+00:00,2021-04-26 17:04:05.343000+00:00,devicemotion,sitting,UnknownPhone,0.0,0.0,0.0,0.0,0.0,9.9
3,_result,1,2021-01-01 00:00:00+00:00,2021-10-04 16:16:00.738177+00:00,2021-04-26 17:04:05.360000+00:00,devicemotion,sitting,UnknownPhone,0.0,0.0,0.0,0.0,0.0,9.9
4,_result,1,2021-01-01 00:00:00+00:00,2021-10-04 16:16:00.738177+00:00,2021-04-26 17:04:05.376000+00:00,devicemotion,sitting,UnknownPhone,0.0,0.1,0.0,0.0,0.0,9.9
5,_result,1,2021-01-01 00:00:00+00:00,2021-10-04 16:16:00.738177+00:00,2021-04-26 17:04:05.393000+00:00,devicemotion,sitting,UnknownPhone,0.0,0.0,0.0,0.0,0.0,9.9
6,_result,1,2021-01-01 00:00:00+00:00,2021-10-04 16:16:00.738177+00:00,2021-04-26 17:04:05.410000+00:00,devicemotion,sitting,UnknownPhone,0.0,0.0,0.0,0.0,0.0,9.9
7,_result,1,2021-01-01 00:00:00+00:00,2021-10-04 16:16:00.738177+00:00,2021-04-26 17:04:05.427000+00:00,devicemotion,sitting,UnknownPhone,0.0,0.0,0.0,0.0,0.0,9.9
8,_result,1,2021-01-01 00:00:00+00:00,2021-10-04 16:16:00.738177+00:00,2021-04-26 17:04:05.445000+00:00,devicemotion,sitting,UnknownPhone,0.0,-0.1,0.0,0.0,0.0,9.9
9,_result,1,2021-01-01 00:00:00+00:00,2021-10-04 16:16:00.738177+00:00,2021-04-26 17:04:05.460000+00:00,devicemotion,sitting,UnknownPhone,0.1,0.0,0.0,0.0,0.0,9.9
10,_result,1,2021-01-01 00:00:00+00:00,2021-10-04 16:16:00.738177+00:00,2021-04-26 17:04:05.477000+00:00,devicemotion,sitting,UnknownPhone,0.1,0.0,0.0,0.0,0.0,9.9
11,_result,1,2021-01-01 00:00:00+00:00,2021-10-04 16:16:00.738177+00:00,2021-04-26 17:04:05.493000+00:00,devicemotion,sitting,UnknownPhone,0.0,0.0,0.0,0.0,0.0,9.9
12,_result,1,2021-01-01 00:00:00+00:00,2021-10-04 16:16:00.738177+00:00,2021-04-26 17:04:05.510000+00:00,devicemotion,sitting,UnknownPhone,0.0,0.0,0.0,0.0,0.0,9.9
13,_result,1,2021-01-01 00:00:00+00:00,2021-10-04 16:16:00.738177+00:00,2021-04-26 17:04:05.527000+00:00,devicemotion,sitting,UnknownPhone,0.0,0.0,0.0,0.0,0.0,9.9
14,_result,1,2021-01-01 00:00:00+00:00,2021-10-04 16:16:00.738177+00:00,2021-04-26 17:04:05.543000+00:00,devicemotion,sitting,UnknownPhone,0.0,0.0,0.0,0.0,0.0,9.9
15,_result,1,2021-01-01 00:00:00+00:00,2021-10-04 16:16:00.738177+00:00,2021-04-26 17:04:05.560000+00:00,devicemotion,sitting,UnknownPhone,0.0,0.0,0.0,0.0,0.0,9.9
16,_result,1,2021-01-01 00:00:00+00:00,2021-10-04 16:16:00.738177+00:00,2021-04-26 17:04:05.576000+00:00,devicemotion,sitting,UnknownPhone,0.0,0.0,0.0,0.0,0.0,9.9
17,_result,1,2021-01-01 00:00:00+00:00,2021-10-04 16:16:00.738177+00:00,2021-04-26 17:04:05.593000+00:00,devicemotion,sitting,UnknownPhone,0.0,-0.1,0.0,0.0,0.0,9.9
18,_result,1,2021-01-01 00:00:00+00:00,2021-10-04 16:16:00.738177+00:00,2021-04-26 17:04:05.610000+00:00,devicemotion,sitting,UnknownPhone,-0.1,-0.1,0.0,0.0,0.0,9.9
19,_result,1,2021-01-01 00:00:00+00:00,2021-10-04 16:16:00.738177+00:00,2021-04-26 17:04:05.626000+00:00,devicemotion,sitting,UnknownPhone,-0.2,-0.30000000000000004,0.0,0.0,0.0,9.9
20,_result,1,2021-01-01 00:00:00+00:00,2021-10-04 16:16:00.738177+00:00,2021-04-26 17:04:05.643000+00:00,devicemotion,sitting,UnknownPhone,-0.2,-0.4,0.0,0.0,0.0,9.9
21,_result,1,2021-01-01 00:00:00+00:00,2021-10-04 16:16:00.738177+00:00,2021-04-26 17:04:05.660000+00:00,devicemotion,sitting,UnknownPhone,-0.1,-0.4,0.0,0.0,0.0,9.9
22,_result,1,2021-01-01 00:00:00+00:00,2021-10-04 16:16:00.738177+00:00,2021-04-26 17:04:05.676000+00:00,devicemotion,sitting,UnknownPhone,0.1,0.1,0.0,0.0,0.0,10.0
23,_result,1,2021-01-01 00:00:00+00:00,2021-10-04 16:16:00.738177+00:00,2021-04-26 17:04:05.693000+00:00,devicemotion,sitting,UnknownPhone,0.0,0.0,0.0,0.0,0.0,9.9
24,_result,1,2021-01-01 00:00:00+00:00,2021-10-04 16:16:00.738177+00:00,2021-04-26 17:04:05.710000+00:00,devicemotion,sitting,UnknownPhone,0.0,-0.1,0.0,0.0,0.0,9.9
25,_result,1,2021-01-01 00:00:00+00:00,2021-10-04 16:16:00.738177+00:00,2021-04-26 17:04:05.726000+00:00,devicemotion,sitting,UnknownPhone,0.0,-0.1,0.0,0.0,0.0,9.9
26,_result,1,2021-01-01 00:00:00+00:00,2021-10-04 16:16:00.738177+00:00,2021-04-26 17:04:05.743000+00:00,devicemotion,sitting,UnknownPhone,0.0,0.1,0.0,0.0,0.0,9.9
27,_result,1,2021-01-01 00:00:00+00:00,2021-10-04 16:16:00.738177+00:00,2021-04-26 17:04:05.760000+00:00,devicemotion,sitting,UnknownPhone,0.0,0.0,0.0,0.0,0.0,9.9
28,_result,1,2021-01-01 00:00:00+00:00,2021-10-04 16:16:00.738177+00:00,2021-04-26 17:04:05.776000+00:00,devicemotion,sitting,UnknownPhone,0.1,0.0,-0.1,0.0,0.0,9.9
29,_result,1,2021-01-01 00:00:00+00:00,2021-10-04 16:16:00.738177+00:00,2021-04-26 17:04:05.793000+00:00,devicemotion,sitting,UnknownPhone,0.0,0.0,-0.1,0.0,0.0,9.9
30,_result,1,2021-01-01 00:00:00+00:00,2021-10-04 16:16:00.738177+00:00,2021-04-26 17:04:05.810000+00:00,devicemotion,sitting,UnknownPhone,0.0,0.1,0.0,0.0,0.0,9.9
31,_result,1,2021-01-01 00:00:00+00:00,2021-10-04 16:16:00.738177+00:00,2021-04-26 17:04:05.826000+00:00,devicemotion,sitting,UnknownPhone,0.0,0.0,0.0,0.0,0.0,9.9
32,_result,1,2021-01-01 00:00:00+00:00,2021-10-04 16:16:00.738177+00:00,2021-04-26 17:04:05.843000+00:00,devicemotion,sitting,UnknownPhone,0.1,0.0,0.0,0.0,0.0,9.9
33,_result,1,2021-01-01 00:00:00+00:00,2021-10-04 16:16:00.738177+00:00,2021-04-26 17:04:05.861000+00:00,devicemotion,sitting,UnknownPhone,0.1,0.0,0.0,0.0,0.0,9.9
34,_result,1,2021-01-01 00:00:00+00:00,2021-10-04 16:16:00.738177+00:00,2021-04-26 17:04:05.877000+00:00,devicemotion,sitting,UnknownPhone,0.0,0.0,0.0,0.0,0.0,9.9
35,_result,1,2021-01-01 00:00:00+00:00,2021-10-04 16:16:00.738177+00:00,2021-04-26 17:04:05.893000+00:00,devicemotion,sitting,UnknownPhone,0.0,0.0,0.0,0.0,0.0,9.9
36,_result,1,2021-01-01 00:00:00+00:00,2021-10-04 16:16:00.738177+00:00,2021-04-26 17:04:05.910000+00:00,devicemotion,sitting,UnknownPhone,0.0,0.1,0.0,0.0,0.0,9.9
37,_result,1,2021-01-01 00:00:00+00:00,2021-10-04 16:16:00.738177+00:00,2021-04-26 17:04:05.926000+00:00,devicemotion,sitting,UnknownPhone,0.0,0.1,0.0,0.0,0.0,9.9
38,_result,1,2021-01-01 00:00:00+00:00,2021-10-04 16:16:00.738177+00:00,2021-04-26 17:04:05.943000+00:00,devicemotion,sitting,UnknownPhone,0.0,0.0,0.0,0.0,0.0,9.9
39,_result,1,2021-01-01 00:00:00+00:00,2021-10-04 16:16:00.738177+00:00,2021-04-26 17:04:05.960000+00:00,devicemotion,sitting,UnknownPhone,0.0,0.0,0.0,0.0,0.0,9.9
40,_result,1,2021-01-01 00:00:00+00:00,2021-10-04 16:16:00.738177+00:00,2021-04-26 17:04:05.976000+00:00,devicemotion,sitting,UnknownPhone,0.0,0.0,0.0,0.0,0.0,9.9
41,_result,1,2021-01-01 00:00:00+00:00,2021-10-04 16:16:00.738177+00:00,2021-04-26 17:04:05.993000+00:00,devicemotion,sitting,UnknownPhone,0.0,0.0,0.0,0.0,0.0,9.9
42,_result,1,2021-01-01 00:00:00+00:00,2021-10-04 16:16:00.738177+00:00,2021-04-26 17:04:06.010000+00:00,devicemotion,sitting,UnknownPhone,0.0,0.0,0.0,0.0,0.0,9.9
43,_result,1,2021-01-01 00:00:00+00:00,2021-10-04 16:16:00.738177+00:00,2021-04-26 17:04:06.026000+00:00,devicemotion,sitting,UnknownPhone,0.0,0.0,0.0,0.0,0.0,9.9
44,_result,1,2021-01-01 00:00:00+00:00,2021-10-04 16:16:00.738177+00:00,2021-04-26 17:04:06.043000+00:00,devicemotion,sitting,UnknownPhone,-0.1,0.0,0.0,0.0,0.0,9.9
45,_result,1,2021-01-01 00:00:00+00:00,2021-10-04 16:16:00.738177+00:00,2021-04-26 17:04:06.060000+00:00,devicemotion,sitting,UnknownPhone,-0.1,0.1,0.0,0.0,0.0,9.9
46,_result,1,2021-01-01 00:00:00+00:00,2021-10-04 16:16:00.738177+00:00,2021-04-26 17:04:06.076000+00:00,devicemotion,sitting,UnknownPhone,0.0,0.0,0.0,0.0,0.0,9.9
47,_result,1,2021-01-01 00:00:00+00:00,2021-10-04 16:16:00.738177+00:00,2021-04-26 17:04:06.105000+00:00,devicemotion,sitting,UnknownPhone,-0.1,0.0,0.0,0.0,0.0,9.9
48,_result,1,2021-01-01 00:00:00+00:00,2021-10-04 16:16:00.738177+00:00,2021-04-26 17:04:06.110000+00:00,devicemotion,sitting,UnknownPhone,0.0,0.0,0.1,0.0,0.0,9.9
49,_result,1,2021-01-01 00:00:00+00:00,2021-10-04 16:16:00.738177+00:00,2021-04-26 17:04:06.127000+00:00,devicemotion,sitting,UnknownPhone,0.0,-0.1,0.0,0.0,0.0,9.9
50,_result,1,2021-01-01 00:00:00+00:00,2021-10-04 16:16:00.738177+00:00,2021-04-26 17:04:06.143000+00:00,devicemotion,sitting,UnknownPhone,0.0,0.0,0.0,0.0,0.0,9.9
51,_result,1,2021-01-01 00:00:00+00:00,2021-10-04 16:16:00.738177+00:00,2021-04-26 17:04:06.160000+00:00,devicemotion,sitting,UnknownPhone,0.0,0.0,0.0,0.0,0.0,9.9
52,_result,1,2021-01-01 00:00:00+00:00,2021-10-04 16:16:00.738177+00:00,2021-04-26 17:04:06.176000+00:00,devicemotion,sitting,UnknownPhone,0.0,0.0,0.0,0.0,0.0,9.9
53,_result,1,2021-01-01 00:00:00+00:00,2021-10-04 16:16:00.738177+00:00,2021-04-26 17:04:06.193000+00:00,devicemotion,sitting,UnknownPhone,-0.1,0.0,0.0,0.0,0.0,9.9
54,_result,1,2021-01-01 00:00:00+00:00,2021-10-04 16:16:00.738177+00:00,2021-04-26 17:04:06.210000+00:00,devicemotion,sitting,UnknownPhone,0.0,0.0,0.0,0.0,0.0,9.9
55,_result,1,2021-01-01 00:00:00+00:00,2021-10-04 16:16:00.738177+00:00,2021-04-26 17:04:06.226000+00:00,devicemotion,sitting,UnknownPhone,0.1,0.0,0.0,0.0,0.0,9.9
56,_result,1,2021-01-01 00:00:00+00:00,2021-10-04 16:16:00.738177+00:00,2021-04-26 17:04:06.243000+00:00,devicemotion,sitting,UnknownPhone,0.0,0.0,0.0,0.0,0.0,9.9
57,_result,1,2021-01-01 00:00:00+00:00,2021-10-04 16:16:00.738177+00:00,2021-04-26 17:04:06.260000+00:00,devicemotion,sitting,UnknownPhone,0.0,0.0,0.0,0.0,0.0,9.9
58,_result,1,2021-01-01 00:00:00+00:00,2021-10-04 16:16:00.738177+00:00,2021-04-26 17:04:06.276000+00:00,devicemotion,sitting,UnknownPhone,0.1,0.0,0.0,0.0,0.0,9.9
59,_result,1,2021-01-01 00:00:00+00:00,2021-10-04 16:16:00.738177+00:00,2021-04-26 17:04:06.294000+00:00,devicemotion,sitting,UnknownPhone,0.0,0.0,0.0,0.0,0.0,9.9
60,_result,1,2021-01-01 00:00:00+00:00,2021-10-04 16:16:00.738177+00:00,2021-04-26 17:04:06.310000+00:00,devicemotion,sitting,UnknownPhone,0.0,0.0,0.1,0.0,0.0,9.9
61,_result,1,2021-01-01 00:00:00+00:00,2021-10-04 16:16:00.738177+00:00,2021-04-26 17:04:06.326000+00:00,devicemotion,sitting,UnknownPhone,0.0,0.0,0.0,0.0,0.0,9.9
62,_result,1,2021-01-01 00:00:00+00:00,2021-10-04 16:16:00.738177+00:00,2021-04-26 17:04:06.343000+00:00,devicemotion,sitting,UnknownPhone,0.0,0.0,0.0,0.0,0.0,9.9
63,_result,1,2021-01-01 00:00:00+00:00,2021-10-04 16:16:00.738177+00:00,2021-04-26 17:04:06.360000+00:00,devicemotion,sitting,UnknownPhone,0.0,-0.1,0.0,0.0,0.0,9.9
64,_result,1,2021-01-01 00:00:00+00:00,2021-10-04 16:16:00.738177+00:00,2021-04-26 17:04:06.376000+00:00,devicemotion,sitting,UnknownPhone,0.0,0.0,0.0,0.0,0.0,9.9
65,_result,1,2021-01-01 00:00:00+00:00,2021-10-04 16:16:00.738177+00:00,2021-04-26 17:04:06.393000+00:00,devicemotion,sitting,UnknownPhone,0.0,0.0,0.0,0.0,0.0,9.9
66,_result,1,2021-01-01 00:00:00+00:00,2021-10-04 16:16:00.738177+00:00,2021-04-26 17:04:06.410000+00:00,devicemotion,sitting,UnknownPhone,0.0,0.0,0.0,0.0,0.0,9.9
67,_result,1,2021-01-01 00:00:00+00:00,2021-10-04 16:16:00.738177+00:00,2021-04-26 17:04:06.426000+00:00,devicemotion,sitting,UnknownPhone,0.0,0.0,0.0,0.0,0.0,9.9
68,_result,1,2021-01-01 00:00:00+00:00,2021-10-04 16:16:00.738177+00:00,2021-04-26 17:04:06.443000+00:00,devicemotion,sitting,UnknownPhone,0.0,0.0,0.0,0.0,0.0,9.9
69,_result,1,2021-01-01 00:00:00+00:00,2021-10-04 16:16:00.738177+00:00,2021-04-26 17:04:06.459000+00:00,devicemotion,sitting,UnknownPhone,0.0,0.0,0.0,0.0,0.0,9.9
70,_result,1,2021-01-01 00:00:00+00:00,2021-10-04 16:16:00.738177+00:00,2021-04-26 17:04:06.476000+00:00,devicemotion,sitting,UnknownPhone,0.0,0.0,0.0,0.0,0.0,9.9
71,_result,1,2021-01-01 00:00:00+00:00,2021-10-04 16:16:00.738177+00:00,2021-04-26 17:04:06.493000+00:00,devicemotion,sitting,UnknownPhone,0.0,0.0,0.0,0.0,0.0,9.9
72,_result,1,2021-01-01 00:00:00+00:00,2021-10-04 16:16:00.738177+00:00,2021-04-26 17:04:06.510000+00:00,devicemotion,sitting,UnknownPhone,0.0,0.0,-0.1,0.0,0.0,9.9
73,_result,1,2021-01-01 00:00:00+00:00,2021-10-04 16:16:00.738177+00:00,2021-04-26 17:04:06.527000+00:00,devicemotion,sitting,UnknownPhone,0.0,0.1,0.0,0.0,0.0,9.9
74,_result,1,2021-01-01 00:00:00+00:00,2021-10-04 16:16:00.738177+00:00,2021-04-26 17:04:06.543000+00:00,devicemotion,sitting,UnknownPhone,0.0,0.0,0.0,0.0,0.0,9.9
75,_result,1,2021-01-01 00:00:00+00:00,2021-10-04 16:16:00.738177+00:00,2021-04-26 17:04:06.560000+00:00,devicemotion,sitting,UnknownPhone,0.0,0.0,-0.1,0.0,0.0,9.9
76,_result,1,2021-01-01 00:00:00+00:00,2021-10-04 16:16:00.738177+00:00,2021-04-26 17:04:06.576000+00:00,devicemotion,sitting,UnknownPhone,0.0,0.1,0.0,0.0,0.0,9.9
77,_result,1,2021-01-01 00:00:00+00:00,2021-10-04 16:16:00.738177+00:00,2021-04-26 17:04:06.593000+00:00,devicemotion,sitting,UnknownPhone,0.0,0.0,0.0,0.0,0.0,9.9
78,_result,1,2021-01-01 00:00:00+00:00,2021-10-04 16:16:00.738177+00:00,2021-04-26 17:04:06.610000+00:00,devicemotion,sitting,UnknownPhone,0.0,0.0,0.1,0.0,0.0,9.9
79,_result,1,2021-01-01 00:00:00+00:00,2021-10-04 16:16:00.738177+00:00,2021-04-26 17:04:06.627000+00:00,devicemotion,sitting,UnknownPhone,0.0,0.0,0.0,0.0,0.0,9.9
80,_result,1,2021-01-01 00:00:00+00:00,2021-10-04 16:16:00.738177+00:00,2021-04-26 17:04:06.643000+00:00,devicemotion,sitting,UnknownPhone,0.0,0.0,0.0,0.0,0.0,9.9
81,_result,1,2021-01-01 00:00:00+00:00,2021-10-04 16:16:00.738177+00:00,2021-04-26 17:04:06.660000+00:00,devicemotion,sitting,UnknownPhone,0.0,0.0,0.0,0.0,0.0,9.9
82,_result,1,2021-01-01 00:00:00+00:00,2021-10-04 16:16:00.738177+00:00,2021-04-26 17:04:06.677000+00:00,devicemotion,sitting,UnknownPhone,0.0,0.0,0.0,0.0,0.0,9.9
83,_result,1,2021-01-01 00:00:00+00:00,2021-10-04 16:16:00.738177+00:00,2021-04-26 17:04:06.693000+00:00,devicemotion,sitting,UnknownPhone,0.0,0.0,0.1,0.0,0.0,9.9
84,_result,1,2021-01-01 00:00:00+00:00,2021-10-04 16:16:00.738177+00:00,2021-04-26 17:04:06.710000+00:00,devicemotion,sitting,UnknownPhone,0.0,0.0,0.0,0.0,0.0,9.9
85,_result,1,2021-01-01 00:00:00+00:00,2021-10-04 16:16:00.738177+00:00,2021-04-26 17:04:06.726000+00:00,devicemotion,sitting,UnknownPhone,0.0,0.0,0.0,0.0,0.0,9.9
86,_result,1,2021-01-01 00:00:00+00:00,2021-10-04 16:16:00.738177+00:00,2021-04-26 17:04:06.743000+00:00,devicemotion,sitting,UnknownPhone,0.0,0.0,0.0,0.0,0.0,9.9
87,_result,1,2021-01-01 00:00:00+00:00,2021-10-04 16:16:00.738177+00:00,2021-04-26 17:04:06.760000+00:00,devicemotion,sitting,UnknownPhone,0.0,0.0,0.0,0.0,0.0,9.9
88,_result,1,2021-01-01 00:00:00+00:00,2021-10-04 16:16:00.738177+00:00,2021-04-26 17:04:06.776000+00:00,devicemotion,sitting,UnknownPhone,0.0,0.0,0.0,0.0,0.0,9.9
89,_result,1,2021-01-01 00:00:00+00:00,2021-10-04 16:16:00.738177+00:00,2021-04-26 17:04:06.793000+00:00,devicemotion,sitting,UnknownPhone,0.0,0.0,0.0,0.0,0.0,9.9
90,_result,1,2021-01-01 00:00:00+00:00,2021-10-04 16:16:00.738177+00:00,2021-04-26 17:04:06.810000+00:00,devicemotion,sitting,UnknownPhone,0.0,0.0,0.0,0.0,0.0,9.9
91,_result,1,2021-01-01 00:00:00+00:00,2021-10-04 16:16:00.738177+00:00,2021-04-26 17:04:06.826000+00:00,devicemotion,sitting,UnknownPhone,0.0,-0.1,0.0,0.0,0.0,9.9
92,_result,1,2021-01-01 00:00:00+00:00,2021-10-04 16:16:00.738177+00:00,2021-04-26 17:04:06.843000+00:00,devicemotion,sitting,UnknownPhone,0.1,0.0,-0.1,0.0,0.0,9.9
93,_result,1,2021-01-01 00:00:00+00:00,2021-10-04 16:16:00.738177+00:00,2021-04-26 17:04:06.860000+00:00,devicemotion,sitting,UnknownPhone,0.0,-0.1,0.0,0.0,0.0,9.9
94,_result,1,2021-01-01 00:00:00+00:00,2021-10-04 16:16:00.738177+00:00,2021-04-26 17:04:06.876000+00:00,devicemotion,sitting,UnknownPhone,0.0,0.0,0.0,0.0,0.0,9.9
95,_result,1,2021-01-01 00:00:00+00:00,2021-10-04 16:16:00.738177+00:00,2021-04-26 17:04:06.893000+00:00,devicemotion,sitting,UnknownPhone,-0.1,0.0,0.0,0.0,0.0,9.9
96,_result,1,2021-01-01 00:00:00+00:00,2021-10-04 16:16:00.738177+00:00,2021-04-26 17:04:06.909000+00:00,devicemotion,sitting,UnknownPhone,0.0,0.0,0.0,0.0,0.0,9.9
97,_result,1,2021-01-01 00:00:00+00:00,2021-10-04 16:16:00.738177+00:00,2021-04-26 17:04:06.926000+00:00,devicemotion,sitting,UnknownPhone,0.0,0.0,0.0,0.0,0.0,9.9
98,_result,1,2021-01-01 00:00:00+00:00,2021-10-04 16:16:00.738177+00:00,2021-04-26 17:04:06.943000+00:00,devicemotion,sitting,UnknownPhone,0.0,0.1,0.0,0.0,0.0,9.9
99,_result,1,2021-01-01 00:00:00+00:00,2021-10-04 16:16:00.738177+00:00,2021-04-26 17:04:06.960000+00:00,devicemotion,sitting,UnknownPhone,0.0,0.0,0.0,0.0,0.0,9.9
100,_result,1,2021-01-01 00:00:00+00:00,2021-10-04 16:16:00.738177+00:00,2021-04-26 17:04:06.977000+00:00,devicemotion,sitting,UnknownPhone,0.0,-0.1,0.0,0.0,0.0,9.9
101,_result,1,2021-01-01 00:00:00+00:00,2021-10-04 16:16:00.738177+00:00,2021-04-26 17:04:06.993000+00:00,devicemotion,sitting,UnknownPhone,0.0,-0.2,0.0,0.0,0.0,9.9
102,_result,1,2021-01-01 00:00:00+00:00,2021-10-04 16:16:00.738177+00:00,2021-04-26 17:04:07.010000+00:00,devicemotion,sitting,UnknownPhone,0.0,-0.1,0.0,0.0,0.0,9.9
103,_result,1,2021-01-01 00:00:00+00:00,2021-10-04 16:16:00.738177+00:00,2021-04-26 17:04:07.027000+00:00,devicemotion,sitting,UnknownPhone,0.1,0.2,0.0,0.0,0.0,9.9
104,_result,1,2021-01-01 00:00:00+00:00,2021-10-04 16:16:00.738177+00:00,2021-04-26 17:04:07.043000+00:00,devicemotion,sitting,UnknownPhone,0.0,0.2,0.0,0.0,0.0,9.9
105,_result,1,2021-01-01 00:00:00+00:00,2021-10-04 16:16:00.738177+00:00,2021-04-26 17:04:07.060000+00:00,devicemotion,sitting,UnknownPhone,0.0,0.1,0.0,0.0,0.0,9.9
106,_result,1,2021-01-01 00:00:00+00:00,2021-10-04 16:16:00.738177+00:00,2021-04-26 17:04:07.077000+00:00,devicemotion,sitting,UnknownPhone,0.0,0.0,0.0,0.0,0.0,9.9
107,_result,1,2021-01-01 00:00:00+00:00,2021-10-04 16:16:00.738177+00:00,2021-04-26 17:04:07.094000+00:00,devicemotion,sitting,UnknownPhone,-0.1,0.0,0.1,0.0,0.0,9.9
108,_result,1,2021-01-01 00:00:00+00:00,2021-10-04 16:16:00.738177+00:00,2021-04-26 17:04:07.110000+00:00,devicemotion,sitting,UnknownPhone,0.0,0.0,0.0,0.0,0.0,9.9
109,_result,1,2021-01-01 00:00:00+00:00,2021-10-04 16:16:00.738177+00:00,2021-04-26 17:04:07.127000+00:00,devicemotion,sitting,UnknownPhone,0.0,0.0,0.0,0.0,0.0,9.9
110,_result,1,2021-01-01 00:00:00+00:00,2021-10-04 16:16:00.738177+00:00,2021-04-26 17:04:07.143000+00:00,devicemotion,sitting,UnknownPhone,0.0,0.0,-0.1,0.0,0.0,9.9
111,_result,1,2021-01-01 00:00:00+00:00,2021-10-04 16:16:00.738177+00:00,2021-04-26 17:04:07.160000+00:00,devicemotion,sitting,UnknownPhone,0.0,0.0,0.0,0.0,0.0,9.9
112,_result,1,2021-01-01 00:00:00+00:00,2021-10-04 16:16:00.738177+00:00,2021-04-26 17:04:07.177000+00:00,devicemotion,sitting,UnknownPhone,0.0,-0.2,-0.1,0.0,0.0,9.9
113,_result,1,2021-01-01 00:00:00+00:00,2021-10-04 16:16:00.738177+00:00,2021-04-26 17:04:07.193000+00:00,devicemotion,sitting,UnknownPhone,0.0,0.1,0.0,0.0,0.0,10.0
114,_result,1,2021-01-01 00:00:00+00:00,2021-10-04 16:16:00.738177+00:00,2021-04-26 17:04:07.211000+00:00,devicemotion,sitting,UnknownPhone,0.0,0.1,0.0,0.0,0.0,9.9
115,_result,1,2021-01-01 00:00:00+00:00,2021-10-04 16:16:00.738177+00:00,2021-04-26 17:04:07.227000+00:00,devicemotion,sitting,UnknownPhone,0.0,0.1,0.0,0.0,0.0,9.9
116,_result,1,2021-01-01 00:00:00+00:00,2021-10-04 16:16:00.738177+00:00,2021-04-26 17:04:07.243000+00:00,devicemotion,sitting,UnknownPhone,0.0,0.0,-0.1,0.0,0.0,9.9
117,_result,1,2021-01-01 00:00:00+00:00,2021-10-04 16:16:00.738177+00:00,2021-04-26 17:04:07.260000+00:00,devicemotion,sitting,UnknownPhone,0.0,0.0,0.1,0.0,0.0,9.9
118,_result,1,2021-01-01 00:00:00+00:00,2021-10-04 16:16:00.738177+00:00,2021-04-26 17:04:07.276000+00:00,devicemotion,sitting,UnknownPhone,0.0,0.0,-0.1,0.0,0.0,9.9
119,_result,1,2021-01-01 00:00:00+00:00,2021-10-04 16:16:00.738177+00:00,2021-04-26 17:04:07.293000+00:00,devicemotion,sitting,UnknownPhone,0.0,0.1,0.0,0.0,0.0,9.9
120,_result,1,2021-01-01 00:00:00+00:00,2021-10-04 16:16:00.738177+00:00,2021-04-26 17:04:07.310000+00:00,devicemotion,sitting,UnknownPhone,0.0,0.1,0.0,0.0,0.0,9.9
121,_result,1,2021-01-01 00:00:00+00:00,2021-10-04 16:16:00.738177+00:00,2021-04-26 17:04:07.326000+00:00,devicemotion,sitting,UnknownPhone,0.0,0.0,0.0,0.0,0.0,9.9
122,_result,1,2021-01-01 00:00:00+00:00,2021-10-04 16:16:00.738177+00:00,2021-04-26 17:04:07.343000+00:00,devicemotion,sitting,UnknownPhone,0.0,0.1,0.0,0.0,0.0,9.9
123,_result,1,2021-01-01 00:00:00+00:00,2021-10-04 16:16:00.738177+00:00,2021-04-26 17:04:07.360000+00:00,devicemotion,sitting,UnknownPhone,0.1,0.0,0.0,0.0,0.0,9.9
124,_result,1,2021-01-01 00:00:00+00:00,2021-10-04 16:16:00.738177+00:00,2021-04-26 17:04:07.376000+00:00,devicemotion,sitting,UnknownPhone,0.0,0.1,0.0,0.0,0.0,9.9
125,_result,1,2021-01-01 00:00:00+00:00,2021-10-04 16:16:00.738177+00:00,2021-04-26 17:04:07.393000+00:00,devicemotion,sitting,UnknownPhone,0.0,0.0,0.0,0.0,0.0,9.9
126,_result,1,2021-01-01 00:00:00+00:00,2021-10-04 16:16:00.738177+00:00,2021-04-26 17:04:07.410000+00:00,devicemotion,sitting,UnknownPhone,0.0,0.0,0.0,0.0,0.0,9.9
127,_result,1,2021-01-01 00:00:00+00:00,2021-10-04 16:16:00.738177+00:00,2021-04-26 17:04:07.427000+00:00,devicemotion,sitting,UnknownPhone,-0.1,0.0,0.0,0.0,0.0,9.9
128,_result,1,2021-01-01 00:00:00+00:00,2021-10-04 16:16:00.738177+00:00,2021-04-26 17:04:07.443000+00:00,devicemotion,sitting,UnknownPhone,0.0,0.0,0.0,0.0,0.0,9.9
129,_result,1,2021-01-01 00:00:00+00:00,2021-10-04 16:16:00.738177+00:00,2021-04-26 17:04:07.460000+00:00,devicemotion,sitting,UnknownPhone,0.0,0.0,0.0,0.0,0.0,9.9
130,_result,1,2021-01-01 00:00:00+00:00,2021-10-04 16:16:00.738177+00:00,2021-04-26 17:04:07.477000+00:00,devicemotion,sitting,UnknownPhone,0.1,0.0,0.0,0.0,0.0,9.9
131,_result,1,2021-01-01 00:00:00+00:00,2021-10-04 16:16:00.738177+00:00,2021-04-26 17:04:07.494000+00:00,devicemotion,sitting,UnknownPhone,0.1,0.0,0.0,0.0,0.0,9.9
132,_result,1,2021-01-01 00:00:00+00:00,2021-10-04 16:16:00.738177+00:00,2021-04-26 17:04:07.510000+00:00,devicemotion,sitting,UnknownPhone,0.0,-0.1,0.1,0.0,0.0,9.9
133,_result,1,2021-01-01 00:00:00+00:00,2021-10-04 16:16:00.738177+00:00,2021-04-26 17:04:07.526000+00:00,devicemotion,sitting,UnknownPhone,0.0,0.1,0.0,0.0,0.0,9.9
134,_result,1,2021-01-01 00:00:00+00:00,2021-10-04 16:16:00.738177+00:00,2021-04-26 17:04:07.544000+00:00,devicemotion,sitting,UnknownPhone,0.0,0.0,0.0,0.0,0.0,9.9
135,_result,1,2021-01-01 00:00:00+00:00,2021-10-04 16:16:00.738177+00:00,2021-04-26 17:04:07.560000+00:00,devicemotion,sitting,UnknownPhone,0.0,0.0,0.0,0.0,0.0,9.9
136,_result,1,2021-01-01 00:00:00+00:00,2021-10-04 16:16:00.738177+00:00,2021-04-26 17:04:07.577000+00:00,devicemotion,sitting,UnknownPhone,0.0,0.0,0.0,0.0,0.0,9.9
137,_result,1,2021-01-01 00:00:00+00:00,2021-10-04 16:16:00.738177+00:00,2021-04-26 17:04:07.593000+00:00,devicemotion,sitting,UnknownPhone,0.0,0.0,0.0,0.0,0.0,9.9
138,_result,1,2021-01-01 00:00:00+00:00,2021-10-04 16:16:00.738177+00:00,2021-04-26 17:04:07.610000+00:00,devicemotion,sitting,UnknownPhone,0.1,0.0,0.0,0.0,0.0,9.9
139,_result,1,2021-01-01 00:00:00+00:00,2021-10-04 16:16:00.738177+00:00,2021-04-26 17:04:07.626000+00:00,devicemotion,sitting,UnknownPhone,0.0,0.0,0.0,0.0,0.0,9.9
140,_result,1,2021-01-01 00:00:00+00:00,2021-10-04 16:16:00.738177+00:00,2021-04-26 17:04:07.644000+00:00,devicemotion,sitting,UnknownPhone,0.1,0.0,0.0,0.0,0.0,9.9
141,_result,1,2021-01-01 00:00:00+00:00,2021-10-04 16:16:00.738177+00:00,2021-04-26 17:04:07.660000+00:00,devicemotion,sitting,UnknownPhone,0.0,-0.1,0.0,0.0,0.0,9.9
142,_result,1,2021-01-01 00:00:00+00:00,2021-10-04 16:16:00.738177+00:00,2021-04-26 17:04:07.677000+00:00,devicemotion,sitting,UnknownPhone,0.0,0.0,0.0,0.0,0.0,9.9
143,_result,1,2021-01-01 00:00:00+00:00,2021-10-04 16:16:00.738177+00:00,2021-04-26 17:04:07.693000+00:00,devicemotion,sitting,UnknownPhone,0.0,0.1,0.0,0.0,0.0,9.9
144,_result,1,2021-01-01 00:00:00+00:00,2021-10-04 16:16:00.738177+00:00,2021-04-26 17:04:07.710000+00:00,devicemotion,sitting,UnknownPhone,0.0,0.0,0.0,0.0,0.0,9.9
145,_result,1,2021-01-01 00:00:00+00:00,2021-10-04 16:16:00.738177+00:00,2021-04-26 17:04:07.727000+00:00,devicemotion,sitting,UnknownPhone,0.1,0.0,0.0,0.0,0.0,9.9
146,_result,1,2021-01-01 00:00:00+00:00,2021-10-04 16:16:00.738177+00:00,2021-04-26 17:04:07.743000+00:00,devicemotion,sitting,UnknownPhone,0.0,0.0,0.0,0.0,0.0,9.9
147,_result,1,2021-01-01 00:00:00+00:00,2021-10-04 16:16:00.738177+00:00,2021-04-26 17:04:07.760000+00:00,devicemotion,sitting,UnknownPhone,-0.1,0.0,0.0,0.0,0.0,9.9
148,_result,1,2021-01-01 00:00:00+00:00,2021-10-04 16:16:00.738177+00:00,2021-04-26 17:04:07.777000+00:00,devicemotion,sitting,UnknownPhone,0.0,0.0,0.0,0.0,0.0,9.9
149,_result,1,2021-01-01 00:00:00+00:00,2021-10-04 16:16:00.738177+00:00,2021-04-26 17:04:07.793000+00:00,devicemotion,sitting,UnknownPhone,0.0,0.0,0.0,0.0,0.0,9.9
150,_result,1,2021-01-01 00:00:00+00:00,2021-10-04 16:16:00.738177+00:00,2021-04-26 17:04:07.810000+00:00,devicemotion,sitting,UnknownPhone,0.0,-0.1,-0.1,0.0,0.0,9.9
151,_result,1,2021-01-01 00:00:00+00:00,2021-10-04 16:16:00.738177+00:00,2021-04-26 17:04:07.827000+00:00,devicemotion,sitting,UnknownPhone,0.1,0.0,0.0,0.0,0.0,9.9
152,_result,1,2021-01-01 00:00:00+00:00,2021-10-04 16:16:00.738177+00:00,2021-04-26 17:04:07.843000+00:00,devicemotion,sitting,UnknownPhone,0.0,0.0,0.0,0.0,0.0,9.9
153,_result,1,2021-01-01 00:00:00+00:00,2021-10-04 16:16:00.738177+00:00,2021-04-26 17:04:07.860000+00:00,devicemotion,sitting,UnknownPhone,0.0,0.0,0.0,0.0,0.0,9.9
154,_result,1,2021-01-01 00:00:00+00:00,2021-10-04 16:16:00.738177+00:00,2021-04-26 17:04:07.877000+00:00,devicemotion,sitting,UnknownPhone,0.0,0.0,0.0,0.0,0.0,9.9
155,_result,1,2021-01-01 00:00:00+00:00,2021-10-04 16:16:00.738177+00:00,2021-04-26 17:04:07.894000+00:00,devicemotion,sitting,UnknownPhone,0.0,0.0,0.0,0.0,0.0,9.9
156,_result,1,2021-01-01 00:00:00+00:00,2021-10-04 16:16:00.738177+00:00,2021-04-26 17:04:07.910000+00:00,devicemotion,sitting,UnknownPhone,0.0,0.0,0.0,0.0,0.0,9.9
157,_result,1,2021-01-01 00:00:00+00:00,2021-10-04 16:16:00.738177+00:00,2021-04-26 17:04:07.927000+00:00,devicemotion,sitting,UnknownPhone,0.0,0.1,-0.1,0.0,0.0,9.9
158,_result,1,2021-01-01 00:00:00+00:00,2021-10-04 16:16:00.738177+00:00,2021-04-26 17:04:07.943000+00:00,devicemotion,sitting,UnknownPhone,0.0,0.0,0.0,0.0,0.0,9.9
159,_result,1,2021-01-01 00:00:00+00:00,2021-10-04 16:16:00.738177+00:00,2021-04-26 17:04:07.959000+00:00,devicemotion,sitting,UnknownPhone,0.1,0.0,0.0,0.0,0.0,9.9
160,_result,1,2021-01-01 00:00:00+00:00,2021-10-04 16:16:00.738177+00:00,2021-04-26 17:04:07.976000+00:00,devicemotion,sitting,UnknownPhone,0.1,0.0,0.0,0.0,0.0,9.9
161,_result,1,2021-01-01 00:00:00+00:00,2021-10-04 16:16:00.738177+00:00,2021-04-26 17:04:07.994000+00:00,devicemotion,sitting,UnknownPhone,0.0,0.0,0.0,0.0,0.0,9.9
162,_result,1,2021-01-01 00:00:00+00:00,2021-10-04 16:16:00.738177+00:00,2021-04-26 17:04:08.010000+00:00,devicemotion,sitting,UnknownPhone,0.0,0.0,0.1,0.0,0.0,9.9
163,_result,1,2021-01-01 00:00:00+00:00,2021-10-04 16:16:00.738177+00:00,2021-04-26 17:04:08.027000+00:00,devicemotion,sitting,UnknownPhone,0.0,-0.1,0.0,0.0,0.0,9.9
164,_result,1,2021-01-01 00:00:00+00:00,2021-10-04 16:16:00.738177+00:00,2021-04-26 17:04:08.043000+00:00,devicemotion,sitting,UnknownPhone,0.0,-0.1,0.0,0.0,0.0,9.9
165,_result,1,2021-01-01 00:00:00+00:00,2021-10-04 16:16:00.738177+00:00,2021-04-26 17:04:08.060000+00:00,devicemotion,sitting,UnknownPhone,0.0,0.0,0.0,0.0,0.0,9.9
166,_result,1,2021-01-01 00:00:00+00:00,2021-10-04 16:16:00.738177+00:00,2021-04-26 17:04:08.076000+00:00,devicemotion,sitting,UnknownPhone,0.0,0.0,0.0,0.0,0.0,9.9
167,_result,1,2021-01-01 00:00:00+00:00,2021-10-04 16:16:00.738177+00:00,2021-04-26 17:04:08.093000+00:00,devicemotion,sitting,UnknownPhone,0.1,0.0,0.0,0.0,0.0,9.9
168,_result,1,2021-01-01 00:00:00+00:00,2021-10-04 16:16:00.738177+00:00,2021-04-26 17:04:08.111000+00:00,devicemotion,sitting,UnknownPhone,0.0,0.0,0.0,0.0,0.0,9.9
169,_result,1,2021-01-01 00:00:00+00:00,2021-10-04 16:16:00.738177+00:00,2021-04-26 17:04:08.127000+00:00,devicemotion,sitting,UnknownPhone,0.0,0.0,0.0,0.0,0.0,9.9
170,_result,1,2021-01-01 00:00:00+00:00,2021-10-04 16:16:00.738177+00:00,2021-04-26 17:04:08.144000+00:00,devicemotion,sitting,UnknownPhone,0.0,0.0,0.1,0.0,0.0,9.9
171,_result,1,2021-01-01 00:00:00+00:00,2021-10-04 16:16:00.738177+00:00,2021-04-26 17:04:08.160000+00:00,devicemotion,sitting,UnknownPhone,-0.1,0.0,0.0,0.0,0.0,9.9
172,_result,1,2021-01-01 00:00:00+00:00,2021-10-04 16:16:00.738177+00:00,2021-04-26 17:04:08.176000+00:00,devicemotion,sitting,UnknownPhone,0.0,0.0,0.0,0.0,0.0,9.9
173,_result,1,2021-01-01 00:00:00+00:00,2021-10-04 16:16:00.738177+00:00,2021-04-26 17:04:08.193000+00:00,devicemotion,sitting,UnknownPhone,0.0,0.0,0.0,0.0,0.0,9.9
174,_result,1,2021-01-01 00:00:00+00:00,2021-10-04 16:16:00.738177+00:00,2021-04-26 17:04:08.210000+00:00,devicemotion,sitting,UnknownPhone,0.0,0.0,-0.1,0.0,0.0,9.9
175,_result,1,2021-01-01 00:00:00+00:00,2021-10-04 16:16:00.738177+00:00,2021-04-26 17:04:08.226000+00:00,devicemotion,sitting,UnknownPhone,0.0,0.0,0.0,0.0,0.0,9.9
176,_result,1,2021-01-01 00:00:00+00:00,2021-10-04 16:16:00.738177+00:00,2021-04-26 17:04:08.243000+00:00,devicemotion,sitting,UnknownPhone,-0.1,0.0,0.0,0.0,0.0,9.9
177,_result,1,2021-01-01 00:00:00+00:00,2021-10-04 16:16:00.738177+00:00,2021-04-26 17:04:08.260000+00:00,devicemotion,sitting,UnknownPhone,0.1,0.0,0.0,0.0,0.0,9.9
178,_result,1,2021-01-01 00:00:00+00:00,2021-10-04 16:16:00.738177+00:00,2021-04-26 17:04:08.277000+00:00,devicemotion,sitting,UnknownPhone,0.0,0.0,0.0,0.0,0.0,9.9
179,_result,1,2021-01-01 00:00:00+00:00,2021-10-04 16:16:00.738177+00:00,2021-04-26 17:04:08.294000+00:00,devicemotion,sitting,UnknownPhone,0.0,0.0,0.0,0.0,0.0,9.9
180,_result,1,2021-01-01 00:00:00+00:00,2021-10-04 16:16:00.738177+00:00,2021-04-26 17:04:08.310000+00:00,devicemotion,sitting,UnknownPhone,0.0,0.0,0.0,0.0,0.0,9.9
181,_result,1,2021-01-01 00:00:00+00:00,2021-10-04 16:16:00.738177+00:00,2021-04-26 17:04:08.327000+00:00,devicemotion,sitting,UnknownPhone,0.0,0.0,0.0,0.0,0.0,9.9
182,_result,1,2021-01-01 00:00:00+00:00,2021-10-04 16:16:00.738177+00:00,2021-04-26 17:04:08.343000+00:00,devicemotion,sitting,UnknownPhone,0.0,-0.1,0.0,0.0,0.0,9.9
183,_result,1,2021-01-01 00:00:00+00:00,2021-10-04 16:16:00.738177+00:00,2021-04-26 17:04:08.360000+00:00,devicemotion,sitting,UnknownPhone,-0.1,-0.1,0.0,0.0,0.0,9.9
184,_result,1,2021-01-01 00:00:00+00:00,2021-10-04 16:16:00.738177+00:00,2021-04-26 17:04:08.377000+00:00,devicemotion,sitting,UnknownPhone,0.0,-0.1,0.0,0.0,0.0,9.9
185,_result,1,2021-01-01 00:00:00+00:00,2021-10-04 16:16:00.738177+00:00,2021-04-26 17:04:08.394000+00:00,devicemotion,sitting,UnknownPhone,0.1,0.1,0.0,0.0,0.0,9.9
186,_result,1,2021-01-01 00:00:00+00:00,2021-10-04 16:16:00.738177+00:00,2021-04-26 17:04:08.410000+00:00,devicemotion,sitting,UnknownPhone,0.0,0.1,0.0,0.0,0.0,9.9
187,_result,1,2021-01-01 00:00:00+00:00,2021-10-04 16:16:00.738177+00:00,2021-04-26 17:04:08.427000+00:00,devicemotion,sitting,UnknownPhone,0.0,0.0,0.0,0.0,0.0,9.9
